timestamp,price,volume,price_mean,price_std,price_change,volume_change,rolling_mean_5,rolling_mean_20,rolling_std_5,rsi,anomaly_score,is_anomaly,price_change_pct,rolling_std,anomaly
2024-10-07 00:00:00,0.35722039594548466,192363432.23444387,0.3580455403523407,0.021585435703642235,0.01813475058133074,0.030877853052187154,0.3496634248944653,0.3649029946740794,0.005505869389811019,47.433242799067024,-0.41288506750384446,False,1.8134750581330739,0.022708565067473378,1
2024-10-08 00:00:00,0.35134274283380784,325165438.4848151,0.3589275719158257,0.020706282705574085,-0.01645385643817998,0.6903703303053885,0.3511777469274169,0.3657693018139926,0.0044128657334243085,45.32646326648265,-0.44459752509045913,False,-1.6453856438179981,0.023290366275147665,1
2024-10-09 00:00:00,0.3446503186237537,279076786.92096597,0.359141656890325,0.020517223485134264,-0.019048135607058092,-0.14173908450605965,0.3511526616621098,0.3658782180012041,0.004458477333029787,31.201119827021785,-0.4385776232991298,False,-1.9048135607058092,0.023764600150421335,1
2024-10-10 00:00:00,0.3397857069963388,293734918.3103856,0.3590206950613297,0.02062356340000584,-0.014114629711761584,0.05252364967771683,0.3487713687677387,0.36532674940713117,0.006709617888067189,31.825411855359107,-0.42697044402070217,False,-1.4114629711761584,0.02459102703353089,1
2024-10-11 00:00:00,0.33856687446150163,242902644.31599545,0.3588543476533819,0.020772180995969808,-0.003587062403570429,-0.17305492410226953,0.34631320777217733,0.36465650970365426,0.007900033595541095,15.947422026303144,-0.48058807960123673,False,-0.3587062403570429,0.023104918498166885,1
2024-10-12 00:00:00,0.3511153738504752,241728188.27564937,0.3587976670666901,0.020791537378594155,0.03706357690465811,-0.004835089562953532,0.3450922033531755,0.3642787327124641,0.00604735292260636,25.593320272810473,-0.4541034793572368,False,3.7063576904658113,0.019820459746440727,1
2024-10-13 00:00:00,0.35324078265088743,190575001.33778286,0.3586990123032431,0.020811298397302364,0.006053306003391823,-0.21161448858225462,0.3454718113165914,0.36435790491109665,0.006574410605235546,27.34077216089571,-0.44328723801582837,False,0.6053306003391823,0.015182283077978292,1
2024-10-14 00:00:00,0.3478700854188225,228691731.28123942,0.3582643352443632,0.020899514264667064,-0.015204068997245135,0.20000907609018936,0.3461157646756051,0.3635658095887023,0.006631270391242068,26.932475571379697,-0.4408573484404382,False,-1.5204068997245135,0.008424934990719661,1
2024-10-15 00:00:00,0.36343770186385754,371044074.39071107,0.35856603218070293,0.020906935791537316,0.04475123644590551,0.6224638832018385,0.35084616364910887,0.3623453633296959,0.008999881853326563,45.30938776650866,-0.4388235796257426,False,4.475123644590551,0.006701684817164118,1
2024-10-16 00:00:00,0.3580945584980384,507364293.6551608,0.3592104431442612,0.02057071293358828,-0.014701676073828662,0.3673962978341594,0.35475170045641624,0.3612136760831858,0.006113176131567785,53.40580208701534,-0.4218739734920168,False,-1.4701676073828662,0.007064304435981193,1
2024-10-17 00:00:00,0.35256480435377513,332305648.9161826,0.35995762810109494,0.019874030900494513,-0.015442161890023676,-0.3450354053845972,0.3550415865570762,0.358753177189742,0.005929231891319754,55.478452929414566,-0.40750066661267353,False,-1.5442161890023676,0.006880903677149289,1
2024-10-18 00:00:00,0.34317221165027856,351907156.1227408,0.3602628151549194,0.01952924872486841,-0.02664075536613042,0.05898637976961485,0.3530278723569544,0.35579720201457105,0.008030988495429575,49.09552954106193,-0.3947585029192485,False,-2.664075536613042,0.006993654632467595,1
2024-10-19 00:00:00,0.3507284212527294,268208657.9185624,0.36053802936735957,0.019327017191507756,0.02201871056550253,-0.23784255803819288,0.3535995395237358,0.3532716579624952,0.007665471241035437,49.46029345632313,-0.39605398998621977,False,2.201871056550253,0.006983186893710659,1
2024-10-20 00:00:00,0.3516050685811563,220371774.74586606,0.36056436235747147,0.019313846588695793,0.002499504674573272,-0.17835696857787986,0.35123301286719555,0.35097819839160166,0.005343782167580273,50.41834538082098,-0.4006793533373938,False,0.24995046745732719,0.006991542864861728,1
2024-10-21 00:00:00,0.3646357419916626,248872926.31750047,0.36098649813949224,0.019257879012619154,0.037060539152889316,0.12933213250427422,0.35254124956592037,0.35057715657800204,0.007717171675206537,53.862370062956295,-0.40746530437031236,False,3.7060539152889316,0.0077955036166595035,1
2024-10-22 00:00:00,0.36108324317619894,369418680.26695573,0.36106690912288963,0.019252912603905166,-0.009742596258007219,0.48436668356472246,0.3542449373304052,0.3510105380337805,0.008612074295345043,55.19939198157631,-0.40786929546575673,False,-0.9742596258007219,0.008270541334218378,1
2024-10-23 00:00:00,0.36386104768754113,377482287.85597116,0.3614736994231998,0.019176015472088432,0.007692975411729863,0.021827828476860933,0.3583827045378577,0.3520150337847051,0.006725511723506652,60.70176102907598,-0.4046623515801862,False,0.7692975411729863,0.008637900052289336,1
2024-10-24 00:00:00,0.3500239674614593,375412261.155899,0.3610174319430248,0.019283464884603668,-0.03802847354511041,-0.0054837717335812775,0.3582418137796036,0.3522774449102636,0.006930209478195042,55.18511294614616,-0.40416046178008647,False,-3.802847354511041,0.00784464021543299,1
2024-10-25 00:00:00,0.3464665242376237,366345461.99209297,0.35963809518281276,0.018771359906149813,-0.01016342752079491,-0.024151579748325824,0.3572141049108971,0.3520161625487351,0.008388106803995132,53.90816118544805,-0.38882276094818774,False,-1.016342752079491,0.00691088680289834,1
2024-10-26 00:00:00,0.32397272855370024,545468841.6908028,0.3577462426869947,0.01942128493390649,-0.06492343158814418,0.4889466317521247,0.3490815022233047,0.35067191500445466,0.015816554743463912,37.77483495667088,-0.49467287035375096,False,-6.492343158814418,0.010629939531733567,1
2024-10-27 00:00:00,0.3330659842420291,318987630.27263165,0.355455949420974,0.01805321875204994,0.028067966488795282,-0.41520467184916,0.34347805043647067,0.3494641944192819,0.01546055696347393,41.449850358510794,-0.44078730088364904,False,2.806796648879528,0.01178255890900206,1
2024-10-28 00:00:00,0.3395498778354121,206151897.35599738,0.35336455484369783,0.01595234145082789,0.019467294470609575,-0.35373074755342726,0.3386158164660449,0.3488745511693621,0.010462703446218441,46.506827063423394,-0.43038991785427316,False,1.9467294470609575,0.012143610929981157,1
2024-10-29 00:00:00,0.3437722573994608,340339901.5348519,0.3514489866805383,0.013221948080583704,0.012435226279467138,0.6509181137786444,0.33736547445364523,0.34883064810814746,0.00903463961428209,40.87426420356597,-0.4425277477419361,False,1.2435226279467138,0.011615700694831274,1
2024-10-30 00:00:00,0.35583784576503735,399625481.43826395,0.35006110620607195,0.010022263757640459,0.03509762089835067,0.17419520789671794,0.33923973875912794,0.3496332550465823,0.011909386141834441,49.01427435730005,-0.4140981315737128,False,3.5097620898350668,0.011491142543166695,1
2024-10-31 00:00:00,0.35494243479619253,378785879.7797121,0.3494706347571565,0.009126958305394447,-0.0025163455194591178,-0.052147829972076676,0.3454336800076264,0.3504520330633169,0.009861572318497427,51.08236196015723,-0.38921175916188033,False,-0.2516345519459118,0.011571603587153279,1
2024-11-01 00:00:00,0.34160209824236715,343987966.406424,0.3491101842298811,0.009219699478332453,-0.037584507362399155,-0.09186697612256634,0.347140902807694,0.34997636928291154,0.007683594637276814,49.31004053069075,-0.40317650785407205,False,-3.7584507362399155,0.011637405091794631,1
2024-11-02 00:00:00,0.3570443323953907,471854642.81477237,0.3495526242207591,0.009272978052364444,0.045205325823459264,0.37171845789882396,0.35063979371968973,0.3501665467701367,0.007338146489379579,52.5955292465298,-0.4200105753809246,False,4.520532582345926,0.01184461118427091,1
2024-11-03 00:00:00,0.34761902771436987,309349316.6693163,0.34964740031289515,0.009236931647365573,-0.026398135541844225,-0.3443970057729153,0.35140914778267146,0.350153993884914,0.006602954251251357,48.46947040073941,-0.4074966514864945,False,-2.6398135541844225,0.011827775525353102,1
2024-11-04 00:00:00,0.3345206264479513,360925330.5066394,0.34907501547888703,0.009629544602012938,-0.03768033456782238,0.16672418867004035,0.3471457039192543,0.3487081401141187,0.009342377087072423,38.44263853259051,-0.42521592669605524,False,-3.768033456782238,0.01146296212791469,1
2024-11-05 00:00:00,0.32579471071394894,345035678.68431234,0.34823958318804177,0.010515951813542269,-0.02608483616289059,-0.04402476213022344,0.3413161591028056,0.3470931477249143,0.011982048793913649,36.97444501793093,-0.4380191912139545,False,-2.608483616289059,0.01192021638444057,1
2024-11-06 00:00:00,0.3333004385484233,320831265.94092965,0.3474422512748064,0.010716443911563378,0.023038212677014336,-0.07015046338302977,0.3396558271640168,0.34612992943464665,0.012496644322362277,39.10003787229842,-0.4299274331395927,False,2.3038212677014336,0.010775867691162781,1
2024-11-07 00:00:00,0.3630158448380859,749375355.5058366,0.34783135467494897,0.01106906822788424,0.08915501707431872,1.3357304448120995,0.34085012965255584,0.34712211109403707,0.014670233439342104,54.16232646164123,-0.5322405261469696,False,8.915501707431872,0.012011791271903717,1
2024-11-08 00:00:00,0.4037781986603935,813637353.0596781,0.34980228400950364,0.01503627494209226,0.11228808439611937,0.08575408449409694,0.35208196384176055,0.34977459996442023,0.03218779422573927,64.82684151126892,-0.5164901063425918,False,11.228808439611937,0.020258482309865315,1
2024-11-09 00:00:00,0.44389542340282534,1910279431.328009,0.3532726078897198,0.022703858088298258,0.09935460823671982,1.3478266135943922,0.3739569232327354,0.3543891177055037,0.0496813796411748,78.4320599738129,-0.5684822184826007,True,9.935460823671981,0.031828441428434585,-1
2024-11-10 00:00:00,0.4873424195485118,897587308.9383248,0.3582317927259535,0.03320217087111055,0.09787664809118635,-0.5301277424558091,0.40626646499964797,0.3605244515833462,0.06162405688189658,81.45325447989684,-0.5596343811304473,True,9.787664809118635,0.046684215726135674,-1
2024-11-11 00:00:00,0.588734921251616,6527580317.057181,0.36615244430599153,0.053552451750118475,0.20805186997068126,6.272362534601863,0.4573533615402865,0.371907035487117,0.08676323971944966,86.6280770063202,-0.7070165324130968,True,20.805186997068127,0.07469068556295762,-1
2024-11-12 00:00:00,0.6145826096845928,3280194971.0969224,0.37486383854044836,0.07008425273053158,0.04390377995248884,-0.497486846308813,0.5076667145095879,0.3844431135869696,0.09120819733702243,87.42737794367889,-0.5509946015568257,True,4.390377995248884,0.09552829109846311,1
2024-11-13 00:00:00,0.5761116796720354,3181386248.1459627,0.3824718916822221,0.07888836036197089,-0.06259684118348374,-0.03012282008283107,0.5421334107119163,0.3957474991974984,0.07284892731039203,78.37217063190351,-0.5395937034262177,True,-6.259684118348375,0.10473266947397941,1
2024-11-14 00:00:00,0.5789579396018733,2644830608.2299004,0.38965589960682273,0.08653761314309706,0.004940465590731025,-0.16865466751443792,0.5691459139517259,0.4073720699657109,0.048178916452431664,78.70983055739528,-0.4979324615659606,False,0.49404655907310246,0.11104180255750622,1
2024-11-15 00:00:00,0.5802320574359904,1729922211.7017794,0.3970604829047544,0.09300580520118235,0.0022007088027728994,-0.34592324880134373,0.5877238415292216,0.4201850364098254,0.015733927334943474,81.5588764667893,-0.5131368386692388,False,0.22007088027728994,0.1138084166825025,1
2024-11-16 00:00:00,0.6970201474228283,4090910068.046969,0.40854232767372284,0.10746182423694195,0.20127824460943655,1.3647942320034212,0.609380886763464,0.43838274456886533,0.05145325071343577,85.45721917273198,-0.5901654987246783,True,20.127824460943657,0.1273415644907265,-1
2024-11-17 00:00:00,0.7369580120453421,6267538737.650395,0.42166852102022495,0.12223605872145268,0.057298006047860506,0.5320646588162632,0.6338559672356139,0.45825315127936184,0.07720664671705306,88.1757675184304,-0.5637087307867952,True,5.729800604786051,0.13894926884687406,-1
2024-11-18 00:00:00,0.7021515183224912,2501615517.051095,0.4333826242558837,0.13167745010035975,-0.047229954968871835,-0.6008615787209458,0.6590639349657051,0.4761721143255134,0.07415547275116599,84.57533026795824,-0.5390486122947563,False,-4.722995496887183,0.1390748804856869,1
2024-11-19 00:00:00,0.7363518168371328,2548582801.654668,0.44620751586441626,0.1417863865335665,0.04870786094196511,0.018774781449604205,0.6905427104127569,0.49519781287911807,0.06441664425540089,86.8469123193846,-0.4931115549070396,False,4.870786094196511,0.1357567487337632,1
2024-11-20 00:00:00,0.7389024704178786,1635269471.5485222,0.45868307347862347,0.1505558893562712,0.0034639061416343875,-0.35836125454239776,0.7222767930091345,0.5143958146602025,0.020814552991423447,86.72887607178569,-0.5080583207156869,False,0.34639061416343875,0.12658537073335754,1
2024-11-21 00:00:00,0.803001084841874,4230382202.154202,0.47341366820081265,0.16187102701543035,0.08674840995963251,1.5869633572674915,0.7434729804929437,0.5374657639901778,0.036623434407876264,87.50683451988591,-0.570564610411871,True,8.674840995963251,0.12060175966069023,1
2024-11-22 00:00:00,0.8181660122757234,2791303410.437808,0.4885571670204187,0.17219048069454282,0.018885313756251687,-0.3401770154440381,0.75971458053902,0.5605218479841944,0.04894578662678368,86.93673545999835,-0.49935214022106733,False,1.8885313756251687,0.11397023645051617,1
2024-11-23 00:00:00,1.0044164266560962,6892507799.22072,0.5103702489935732,0.19409225496011037,0.22764379305163085,1.4692793242923203,0.8201675622057409,0.5933617179312807,0.10940227661414889,89.63655403301246,-0.646230303915571,True,22.764379305163086,0.13282642561498337,-1
2024-11-24 00:00:00,1.0632099880614343,7258065363.156293,0.5342616977877003,0.21608791362016727,0.05853504566932832,0.05303694599763875,0.8855391964506014,0.6297961860119549,0.1401362919521033,89.8567068083533,-0.6354822830523963,True,5.853504566932832,0.152830829798639,-1
2024-11-25 00:00:00,1.0259059332257112,4065963806.818005,0.5576594712767674,0.23008203450818526,-0.035086253190435235,-0.43980060754786976,0.9429398890121679,0.6648017471375429,0.12275892546664387,83.20282960340658,-0.5582183660403832,True,-3.5086253190435235,0.16558141884662264,-1
2024-11-26 00:00:00,0.9463027550485847,3673630635.8309784,0.5781006969703192,0.23658931330007454,-0.07759305760795598,-0.09649204705884085,0.97160022305351,0.695451862962551,0.0956561306784103,73.29202751398776,-0.5233877857223372,False,-7.759305760795598,0.16650752968872187,-1
2024-11-27 00:00:00,0.9587323562869567,2825247053.1150365,0.5987401129187039,0.2420070527548599,0.013134909702058106,-0.23093872705687435,0.9997134918557566,0.7252376885349946,0.04814594191061942,77.8858479336412,-0.45339219259186847,False,1.3134909702058106,0.16065888069046472,1
2024-11-28 00:00:00,1.013312717708717,2963844108.950685,0.621058128262346,0.2484693845664191,0.05692971668667024,0.0490566146004241,1.0014927500662807,0.7557144144874107,0.048526074019561743,79.43651659770141,-0.456926090115233,False,5.692971668667024,0.15364908361527954,1
2024-11-29 00:00:00,1.032402701868787,1748421855.8847175,0.643610290132471,0.2542045454417842,0.01883918342921409,-0.41008305713362025,0.9953312928277513,0.7851397784107089,0.03992401945314267,79.92137259787859,-0.4548334417514993,False,1.883918342921409,0.14078428831482243,1
2024-11-30 00:00:00,1.0795804194768817,2546200789.234483,0.6677648896218271,0.2601866743291916,0.04569701098485779,0.4562851526161471,1.0060661900779855,0.8147516784071274,0.054686894974918014,77.88390067482761,-0.45752569496398665,False,4.569701098485779,0.14030704560489968,1
2024-12-01 00:00:00,1.079440192925627,2235486757.4695177,0.6923594927779357,0.2631482873678078,-0.0001298898615840205,-0.12203045143913471,1.0326936776533937,0.839286941990828,0.05057070936439005,76.500110999038,-0.43607878119602206,False,-0.01298898615840205,0.1387446175766885,1
2024-12-02 00:00:00,1.147892256369758,2617149103.843603,0.7187210902437481,0.267967409269553,0.0634144104441805,0.1707289676840278,1.070525657669954,0.8659524243250862,0.052138585765736434,82.78297727859652,-0.4722197567883856,False,6.34144104441805,0.13381252387761922,1
2024-12-03 00:00:00,1.1995479309146082,5868579244.534972,0.7471187203504227,0.27238881873060294,0.04500045562482735,1.2423557129077003,1.1077727003111324,0.8971242368872149,0.06578458039169474,83.21397322062249,-0.5734799350318655,True,4.500045562482735,0.13135709212767463,-1
2024-12-04 00:00:00,1.201004029612371,5490023453.359384,0.7760015004559033,0.27306830178719654,0.0012138728768031903,-0.06450552602286375,1.1414929658598492,0.9282265413877397,0.06049092209567946,83.18758235518531,-0.5268623599348086,False,0.12138728768031903,0.11999247717541107,-1
2024-12-05 00:00:00,1.1842450413974923,3185937360.6157274,0.8046165114786881,0.26921563561340167,-0.013954148197394156,-0.41968601998116595,1.1624258902439712,0.9584271905858148,0.051088762391397216,79.37812518383335,-0.49207910477029276,False,-1.3954148197394156,0.10799645662573211,1
2024-12-06 00:00:00,1.166279100460039,3576835053.2920136,0.832382466875742,0.2617821702126473,-0.015170796844757972,0.12269472008725857,1.1797936717508537,0.9818901382376752,0.022695091253076408,76.70980483406092,-0.5081172590991062,False,-1.5170796844757972,0.08772624984879222,1
2024-12-07 00:00:00,1.2330018039218942,2349556943.0838575,0.8613819988452023,0.2561201816695521,0.05720989378574681,-0.3431184530241632,1.196815581261281,1.006692327831503,0.02462187379572101,71.47833337834793,-0.5180854292265847,False,5.720989378574681,0.09388617867192048,1
2024-12-08 00:00:00,1.2144434934843331,1576905611.3322842,0.8884041753393336,0.24883688859708927,-0.015051324644077102,-0.3288498003957493,1.199794693775226,1.032306926589595,0.025902937452688228,65.37254241463293,-0.4903219431777835,False,-1.5051324644077102,0.098525251882269,1
2024-12-09 00:00:00,1.197963535910322,1847543253.3471847,0.9135397790895835,0.24032730028212934,-0.013569966542229861,0.1716257714285423,1.199186595034816,1.0553875125432544,0.025903138807296472,68.2623928634248,-0.49013453156771264,False,-1.356996654222986,0.0985153371217055,1
2024-12-10 00:00:00,1.0077086490874125,3803654545.310235,0.9308853200742135,0.22691002923089545,-0.15881525699222265,1.0587634624624749,1.1638793165728,1.0688278214767313,0.09067996553463255,55.277936855056424,-0.599323962134724,True,-15.881525699222266,0.09138447488529552,-1
2024-12-11 00:00:00,1.0166147999655448,3773323186.6575675,0.945147982698011,0.21793202210906046,0.008838021670447782,-0.007974267455509332,1.1339464564739012,1.0795085072329145,0.11190690653151243,55.005407930151364,-0.5140486214120464,False,0.8838021670447782,0.08444958813373163,1
2024-12-12 00:00:00,1.08793220795952,2481141444.010295,0.9609263026405086,0.2101708524442855,0.07015184905471794,-0.34245191273740194,1.1049325372814265,1.0929968170171045,0.09770994651463864,56.271218777119834,-0.4944656479487188,False,7.015184905471794,0.07891814062387884,1
2024-12-13 00:00:00,1.123131450089082,2483873378.592398,0.9791602949877435,0.19906987949984886,0.0323542605614926,0.0011010797424300112,1.0866701286023763,1.0989325681887538,0.07883512484400082,57.424059879936735,-0.45182068859243985,False,3.23542605614926,0.0736599621998649,1
2024-12-14 00:00:00,1.1167297609853515,1480554949.0517018,0.9970860223671928,0.18554292861895358,-0.005699857397121977,-0.40393300165295587,1.0704233736173823,1.1016085568349498,0.054903281750165116,53.25717506195158,-0.44360383691974353,False,-0.5699857397121977,0.07202577612607133,1
2024-12-15 00:00:00,1.0601034433845538,1210677610.7550113,1.0130817352321448,0.16824522894557511,-0.0507072700837069,-0.18228120372671575,1.0809023324768106,1.1033184323428917,0.04382294713105373,48.4573927437489,-0.449962016051074,False,-5.070727008370691,0.07347084188172491,1
2024-12-16 00:00:00,1.1059376495294093,1088430664.0015788,1.0267123186356977,0.15800924942801325,0.043235597838001905,-0.10097398817608927,1.0987669023895834,1.111300177066933,0.02539669640770124,46.527727407773675,-0.46681129440326086,False,4.3235597838001905,0.07396744356332782,1
2024-12-17 00:00:00,1.0805022755134979,1725755863.7953467,1.0381637940846362,0.1484450991994669,-0.02299892225093747,0.5855450612266502,1.097280915900379,1.11738867302826,0.026387184228328874,39.70045880663962,-0.47704572787644045,False,-2.299892225093747,0.07303094995263983,1
2024-12-18 00:00:00,1.049451939411299,1578222620.7391448,1.0497404747875965,0.13419556797925353,-0.028736946516324968,-0.08548905795501183,1.0825450137648223,1.1191956341133893,0.0288043433417916,37.52681329055197,-0.45448044235218676,False,-2.873694651632497,0.07264945989027957,1
2024-12-19 00:00:00,0.9689917114818106,2116818094.5756152,1.0574951379424191,0.12159130687464484,-0.07666880674366416,0.34126711070978355,1.0529974038641141,1.1160250845940405,0.05167013171076398,33.965342616591,-0.48501041718746934,False,-7.666880674366416,0.07984318779977154,1
2024-12-20 00:00:00,0.8856294008673282,2484376764.6355844,1.0623860356240675,0.11080704706411934,-0.08602995219329823,0.1736373432378744,1.018102595360669,1.1063275336635627,0.09021159067857705,30.94988972684044,-0.5225238552954601,False,-8.602995219329824,0.09606260455185028,1
2024-12-21 00:00:00,0.95061505400963,2967142400.5806985,1.0673065012629928,0.10180334641012335,0.07337793108342949,0.1943206210978743,0.9870380762567132,1.0998862767177628,0.07836943621721916,30.786672861032457,-0.5099674845233354,False,7.337793108342949,0.09145601195078926,1
2024-12-22 00:00:00,0.9046599113089583,1619520801.5214942,1.070189631230767,0.09553610541303319,-0.04834253624202145,-0.4541816391405622,0.9518696034158053,1.087724659464723,0.0640967476547337,29.680163977793597,-0.48466663030288337,False,-4.8342536242021446,0.08914011096424788,1
2024-12-23 00:00:00,0.8827956119261179,1251460951.2097306,1.0661356040731012,0.10085575661557318,-0.024168529089793278,-0.22726466369927556,0.918538337918769,1.0718870435152983,0.03913952587688342,29.47198645893252,-0.4533098450417239,False,-2.416852908979328,0.08583606388774156,1
2024-12-24 00:00:00,0.9228752612988013,1373635719.5136724,1.0614577798476799,0.10419529591452314,0.045400825322676974,0.09762571351973937,0.9093150478821672,1.0579806050996199,0.02817592300389194,43.13065511552102,-0.4338643295381648,False,4.540082532267697,0.08947490211091584,1
2024-12-25 00:00:00,0.9368563828179975,1049748351.4339589,1.0584894615007563,0.1064862591038429,0.015149524649214374,-0.23578839970351373,0.919560444272301,1.0456111721706451,0.026684288767297882,43.5942465944456,-0.4153244367300787,False,1.5149524649214374,0.0916131797088388,1
2024-12-26 00:00:00,0.9167515411841919,695113060.3027651,1.0575044210386098,0.10768969626530717,-0.021459897165168162,-0.33782886217135855,0.9127877417072133,1.0331347942068527,0.020386016767082286,35.01938044622908,-0.43120042119234625,False,-2.1459897165168162,0.09117926716737135,1
2024-12-27 00:00:00,0.8593419351414681,860400720.7111105,1.0541914070004268,0.11226480671114374,-0.06262286286267527,0.23778528968561208,0.9037241464737154,1.0144518007678314,0.03178839229265887,27.778690052948022,-0.46778607481739043,False,-6.262286286267527,0.08950794249658486,1
2024-12-28 00:00:00,0.8741699171287979,949972681.1647332,1.0495533136477628,0.11679476993335514,0.017255042935719,0.10410493424458389,0.9019990075142512,0.9974381219500549,0.033401257199103286,29.853066115445245,-0.43383939393659965,False,1.7255042935719,0.08307786542765629,1
2024-12-29 00:00:00,0.8875851081613702,588899480.7586905,1.0447260605241824,0.1204631887044238,0.01534620531970976,-0.3800879831232006,0.8949409768867651,0.9819192005626072,0.03156516858306005,34.56255809698398,-0.44638993071855704,False,1.534620531970976,0.07932607020111783,1
2024-12-30 00:00:00,0.8591433475186276,705652916.2069426,1.0373781581255739,0.12490498210584812,-0.03204398133905095,0.19825698487259058,0.8793983698268912,0.974490935484168,0.023990338230308345,27.20665088150558,-0.45825107576560087,False,-3.2043981339050953,0.06724740985417338,1
2024-12-31 00:00:00,0.8591305888515354,1026988638.0611954,1.0300345046564374,0.12876354778180313,-1.4850452056847097e-05,0.45537361849436,0.8678741793603597,0.9666167249284674,0.012783133607326878,28.547213028153564,-0.48486518099484216,False,-0.0014850452056847097,0.05289685991216704,1
2025-01-01 00:00:00,0.8442610184323533,759319278.391332,1.0199134633918574,0.1310921971085808,-0.017307695258597766,-0.26063517136390524,0.864857996018537,0.9544331654521091,0.016529741279998587,29.471469503215502,-0.4669523871162576,False,-1.7307695258597766,0.03799794394309606,1
2025-01-02 00:00:00,0.9147583319262166,995785773.081401,1.010420476758911,0.1279082801820642,0.08350179856078688,0.3114190583848191,0.8729756789780205,0.9440145095439657,0.028137062537322625,44.46380336145949,-0.46719573546394455,False,8.350179856078688,0.03240630932652358,1
2025-01-03 00:00:00,0.9618480973351441,1274967600.399281,1.00244861234967,0.12297826872715592,0.05147782071552176,0.2803633420609819,0.8878282768127754,0.9362704263614553,0.049367626447633275,58.40274227697933,-0.4343288421580719,False,5.147782071552176,0.037169353620369106,1
2025-01-04 00:00:00,1.0904865469624805,2671600901.30405,0.9993233292018363,0.11933633970745995,0.13374092019700057,1.09542650375381,0.9340969167015458,0.9377895815403517,0.09911138212885674,63.52232081720344,-0.5463787996685665,True,13.374092019700058,0.06250525883278402,1
2025-01-05 00:00:00,1.0719205077612817,1280366764.8039057,0.9961780427785443,0.11598053243990747,-0.017025463773866822,-0.5207492390877175,0.9766549004834953,0.9360887244519456,0.10441712777764434,67.07443450840027,-0.48470333330179816,False,-1.7025463773866822,0.07625192770460444,1
2025-01-06 00:00:00,1.0939767111827936,1363420254.9543183,0.9915438730205743,0.1087432682126497,0.020576342426339655,0.06486695252756935,1.0265980390335832,0.9367624462354103,0.0827291183824585,71.54952044372902,-0.4387001388192545,False,2.0576342426339655,0.0882421408940625,1
2025-01-07 00:00:00,1.0941475413501178,1364197241.7503395,0.9875340079494338,0.10226550206753218,0.00015615521388889775,0.0005698806315939109,1.0624758809183636,0.938997226332351,0.05699812628314787,69.02681019398416,-0.42264461691007715,False,0.015615521388889775,0.09775811314875694,1
2025-01-08 00:00:00,0.9933347400068778,2194412773.8246,0.9807130480859857,0.09425681205262738,-0.09213821494205665,0.6085744104049418,1.0687732094527103,0.9402143777586044,0.04316077618475443,55.259543472868586,-0.4726720673965811,False,-9.213821494205664,0.09844996716577999,1
2025-01-09 00:00:00,0.9478995284282535,1952408426.0212688,0.9787194107306804,0.09429864130976638,-0.04574008111133787,-0.11028205390071011,1.0402558057458648,0.9433278841366507,0.06618945643222739,52.76997316856374,-0.42680945608403986,False,-4.574008111133788,0.09795524791500791,1
2025-01-10 00:00:00,0.9060582113414768,1342595372.3981748,0.9750341911098782,0.09492482377540891,-0.044141088619545354,-0.3123388761775663,1.0070833464619038,0.9411000420032429,0.0851886983212038,54.272763489737464,-0.44767401644933025,False,-4.414108861954535,0.09525150754762184,1
2025-01-11 00:00:00,0.9316713148155308,1236328893.3650613,0.9698254946717453,0.09277919731338763,0.028268717344476224,-0.07915004119468838,0.9746222671884514,0.9424506121785716,0.07398710467570271,55.157443147187166,-0.4220963678954537,False,2.8268717344476224,0.09260573059101095,1
2025-01-12 00:00:00,0.996136878939902,953404924.5156404,0.9655923423001058,0.0883338865299346,0.0691934624359829,-0.22884199371847858,0.9550201347064082,0.9481176755292609,0.039216501626706486,58.91946294470548,-0.43286867341049634,False,6.91934624359829,0.09049198967465495,1
2025-01-13 00:00:00,0.969186964876666,1089023652.0670302,0.960674249096483,0.08360996528150516,-0.02705442859611451,0.1422467244128074,0.9501905796803658,0.950433260708154,0.034524640071781354,59.06426701530023,-0.4089319722767556,False,-2.705442859611451,0.08482573333817131,1
2025-01-14 00:00:00,0.9450610027794694,1540261745.4274852,0.9568395010763134,0.08150409605727575,-0.024892990693768602,0.41435104968012304,0.9496228745506089,0.9508434917062278,0.03459499705923838,56.8076414864124,-0.4168545361487076,False,-2.48929906937686,0.07853407383532421,1
2025-01-15 00:00:00,0.9944214498919838,1126688332.0067604,0.9531222944217326,0.07688150954655454,0.0522299057598854,-0.2685085276242717,0.9672955222607105,0.9547269871416175,0.02887332407595178,61.279692033688114,-0.41847024667736804,False,5.22299057598854,0.06763990743371073,1
2025-01-16 00:00:00,1.084480992215901,2204538167.7741003,0.9532549183118127,0.07711190905495868,0.09056476238892452,0.9566530558167461,0.9978574577407844,0.9659839399953392,0.05274435060710367,62.385167719593255,-0.48170784981996323,False,9.056476238892452,0.06762482445850093,1
2025-01-17 00:00:00,1.0906700675315832,2056463725.0214527,0.9546288559158221,0.07922329295565572,0.005706946788468947,-0.06716801047820231,1.0167640954591206,0.9768089475154783,0.06699212916374431,59.99728986239192,-0.4167684079236067,False,0.5706946788468947,0.0699157705433724,1
2025-01-18 00:00:00,1.1369537229272808,1822084268.4989784,0.9602275896306712,0.08592483988925617,0.042435982038497855,-0.11397208405415915,1.0503174470692436,0.9892773782537739,0.07826973817299945,54.13460782710071,-0.4437855298354283,False,4.2435982038497855,0.07471519904962606,1
2025-01-19 00:00:00,1.1009310555353091,1488331235.013274,0.9674043114529371,0.08843401605194916,-0.031683494820901936,-0.18317101972492633,1.0814914576204118,1.001366763654608,0.05274545308101828,52.50355833660415,-0.42193381175972267,False,-3.1683494820901936,0.07669343161511755,1
2025-01-20 00:00:00,0.9917829386728937,2803616184.038354,0.968776574275046,0.08848390186711723,-0.09914164589475039,0.8837313348552747,1.0809637553765934,1.0079993811456758,0.05383625883297813,42.3332997814819,-0.51041656633526,False,-9.914164589475039,0.07396159493400281,1
2025-01-21 00:00:00,1.0068201561876229,2690733265.7307215,0.9721819157710015,0.08789513794033582,0.015161802979642314,-0.04026332810828437,1.065431588170938,1.0161273380334392,0.06299212711862187,43.59154048365405,-0.4364785013207182,False,1.5161802979642314,0.0701821050739993,1
2025-01-22 00:00:00,1.0046310219001418,1696335264.1544523,0.9762430961034689,0.08642504037997221,-0.0021743051865096286,-0.3695639453530972,1.0482237790446498,1.0206209725321354,0.0660515269685199,50.96927030918967,-0.42076084692593935,False,-0.21743051865096286,0.07008006495676955,1
2025-01-23 00:00:00,0.9802503420918104,969709594.2925464,0.9781555987965693,0.08583615964347312,-0.024268292812836045,-0.4283502708552702,1.0168831028775556,1.0215410847699689,0.04818561023844675,52.87989577483253,-0.42162408984281174,False,-2.4268292812836045,0.06847430325719082,1
2025-01-24 00:00:00,0.9880340956541441,1201302650.1758041,0.9798615225577741,0.08549494781427518,0.00794057724654662,0.23882722956063662,0.9943037109013225,1.0164184622045522,0.01125249192335528,57.76862318572892,-0.433117923711115,False,0.7940577246546621,0.062118465347913786,1
2025-01-25 00:00:00,0.9715690918885032,882394098.0963601,0.9816887742479179,0.08468153854629469,-0.01666440848353523,-0.26546894908853613,0.9902609415444446,1.011400891410913,0.015291034845675,53.84771444444531,-0.4161709571901283,False,-1.6664408483535231,0.05878850053624858,1
2025-01-26 00:00:00,0.9775990304899743,516244144.91543305,0.9856306774262014,0.08148190937175025,0.006206391961018909,-0.41495059177168514,0.9844167164049148,1.005582007376272,0.012753475517986433,47.985126450337965,-0.4384825684446531,False,0.6206391961018909,0.05953827823225579,1
2025-01-27 00:00:00,0.9541780430020652,512626380.0972311,0.9882976149553104,0.07897885695764222,-0.02395766235178287,-0.007007856367639009,0.9743261206252993,0.9985835324588693,0.0127206835284454,48.35607366699261,-0.42907680608260523,False,-2.395766235178287,0.06059723512096628,1
2025-01-28 00:00:00,0.9331646231189152,1403786414.4657733,0.9898169321205619,0.07739721182904444,-0.02202253556059297,1.7384201612868884,0.9649089768307204,0.9955750266144714,0.021581373035956263,48.68804488858773,-0.5039530753051887,False,-2.202253556059297,0.0617447117727093,1
2025-01-29 00:00:00,0.9162358892529787,757826711.7739474,0.9917200168450402,0.07472927132289972,-0.01814120836402433,-0.46015526011316554,0.9505493355504873,0.9939918446557077,0.025818232383998697,40.71324350863968,-0.4233940869772703,False,-1.814120836402433,0.06709169161440848,1
2025-01-30 00:00:00,0.9416326058959792,823633204.3938981,0.994470084079855,0.07111218965471358,0.027718535085661022,0.08683580506935229,0.9445620383519826,0.9957705643834327,0.02304757995019527,29.953303908923758,-0.4274306061753893,False,2.7718535085661022,0.06570967286041979,1
2025-01-31 00:00:00,0.9609684445044405,627908707.9566039,0.9983603316155913,0.06558935407781831,0.02053437666388258,-0.23763550982785542,0.9412359211548758,0.9972354208678782,0.017657688137974196,32.44598917174909,-0.43376558869770676,False,2.053437666388258,0.06084589773216817,1
2025-02-01 00:00:00,0.9425307818897108,689867624.8457649,0.9992860799477076,0.06455654342040197,-0.019186543242049714,0.09867504002419913,0.9389064689324049,0.9945551160153686,0.016234394118992208,21.54146571637149,-0.459738881874491,False,-1.9186543242049714,0.044909114914910175,1
2025-02-02 00:01:51,0.8967182364081697,561745003.5055077,0.9971150845834753,0.06691116988691284,-0.04860588785194908,-0.1857205885968367,0.9316171915902558,0.990931679591944,0.025176539471114333,20.94129361242466,-0.4757180078483445,False,-4.860588785194908,0.03293634455384736,1
